{"cameraMode":{"drawMode":0,"name":"Shaded","section":"Shading Mode"},"sceneLighting":true,"audioPlay":false,"sceneViewState":{"showFog":true,"showMaterialUpdate":false,"showSkybox":true,"showFlares":true,"showImageEffects":true,"showParticleSystems":true},"in2DMode":false,"pivot":{"x":1.0814297199249268,"y":0.21666669845581056,"z":-7.116841793060303},"rotation":{"x":0.09099844098091126,"y":0.5367468595504761,"z":-0.05835286155343056,"w":0.8368183374404907},"size":2.144512414932251,"orthographic":false}