{"cameraMode":{"drawMode":0,"name":"Shaded","section":"Shading Mode"},"sceneLighting":true,"audioPlay":false,"sceneViewState":{"showFog":true,"showMaterialUpdate":false,"showSkybox":true,"showFlares":true,"showImageEffects":true,"showParticleSystems":true},"in2DMode":false,"pivot":{"x":-0.013719022274017334,"y":0.5400000214576721,"z":-5.659999847412109},"rotation":{"x":0.22779841721057893,"y":0.0017641882877796889,"z":-0.00042503394070081413,"w":0.973736584186554},"size":2.444512367248535,"orthographic":false}