{"cameraMode":{"drawMode":0,"name":"Shaded","section":"Shading Mode"},"sceneLighting":false,"audioPlay":false,"sceneViewState":{"showFog":true,"showMaterialUpdate":false,"showSkybox":false,"showFlares":true,"showImageEffects":true,"showParticleSystems":true},"in2DMode":false,"pivot":{"x":0.06627121567726135,"y":0.7548253536224365,"z":-6.693574905395508},"rotation":{"x":-0.2968825399875641,"y":0.1670365035533905,"z":-0.052823230624198917,"w":-0.9387155175209045},"size":0.1638612151145935,"orthographic":false}