{"cameraMode":{"drawMode":0,"name":"Shaded","section":"Shading Mode"},"sceneLighting":true,"audioPlay":false,"sceneViewState":{"showFog":true,"showMaterialUpdate":false,"showSkybox":true,"showFlares":true,"showImageEffects":true,"showParticleSystems":true},"in2DMode":false,"pivot":{"x":0.25237035751342776,"y":0.5402441024780273,"z":-4.923973083496094},"rotation":{"x":0.03856326639652252,"y":0.7911875247955322,"z":-0.0501582957804203,"w":0.6083365082740784},"size":0.6445125341415405,"orthographic":false}