{"cameraMode":{"drawMode":0,"name":"Shaded","section":"Shading Mode"},"sceneLighting":true,"audioPlay":false,"sceneViewState":{"showFog":true,"showMaterialUpdate":false,"showSkybox":true,"showFlares":true,"showImageEffects":true,"showParticleSystems":true},"in2DMode":false,"pivot":{"x":0.4758952856063843,"y":0.659738302230835,"z":1.6853632926940919},"rotation":{"x":-0.04529068246483803,"y":-0.014707604423165322,"z":0.0006532202824018896,"w":-0.998889684677124},"size":5.84343147277832,"orthographic":false}